url,人均价格,具体位置,口味,所属商区,推荐菜,星级标准,服务,环境,类别,评论量,餐厅名称,score
http://www.dianping.com/shop/22452322,50.0,天庆花园对面巷道内,9.1,天庆嘉园,"水果蛋糕,宝贝蛋糕,双层情景蛋糕",10,9.1,9.1,面包/饮品,453.0,老于家的蛋糕店(天庆店),100.0
http://www.dianping.com/shop/98225349,0.0,永昌中路汇盛购物中心5楼,9.1,永昌路,"蓝色妖姬,爆弹黑加仑,红豆双皮奶",10,9.1,9.1,面包/饮品,0.0,糖谷,99.72
http://www.dianping.com/shop/111496739,0.0,中山路54号,9.1,城关区,"霸气红心火龙果,金芒百香果,大颗粒水果茶",10,9.1,9.0,面包/饮品,0.0,青木の茶,99.233
http://www.dianping.com/shop/98444332,0.0,张掖路步行街谷丰美食城18号,9.1,张掖路,"番茄鸳鸯锅,特色全红锅,炝锅鱼",10,9.0,9.1,火锅,0.0,黄记微火锅,99.196
http://www.dianping.com/shop/107741884,0.0,皋兰路中盐大厦西侧,9.0,东方红广场,"八宝醪糟汤,小腰子,妈妈雀舌面",10,9.0,9.1,烧烤,0.0,清真永佳祥烤肉餐厅,91.577
http://www.dianping.com/shop/97691636,14.0,中山路215-1号光大银行旁,9.0,西关十字,"火爆火龙果,茉莉清香榴莲奶慕,青乌龙芝士奶慕",10,9.0,9.0,面包/饮品,682.0,奉茶,91.51
http://www.dianping.com/shop/98858129,66.0,西津西路瑞园42、43号兰石豪布斯卡五号地,9.0,秀川,"港式牛排,沸腾鱼,一品牛腱",10,9.0,9.0,粤菜,290.0,陇佑·陈公馆茶餐厅,91.268
http://www.dianping.com/shop/97792959,105.0,临夏路街道中山路120号亚欧商厦7层001号-1号商铺,9.0,张掖路,"招牌虾滑,番茄锅底,无刺巴沙鱼片",10,9.0,9.0,火锅,130.0,海底捞火锅(亚欧店),91.169
http://www.dianping.com/shop/110795442,0.0,麦积山路鑫源宾馆公交站向西5米,9.0,麦积山路,"烤茄子,半把板筋,烤馍片",10,9.0,9.0,烧烤,0.0,兰州果木烤肉,91.089
http://www.dianping.com/shop/67955008,97.0,东方红广场4-6号国芳集团第9层,9.0,东方红广场,"捞派滑牛肉,招牌虾滑,无刺巴沙鱼片",9,9.1,9.1,火锅,452.0,海底捞火锅(东方红广场店),89.429
http://www.dianping.com/shop/97387323,0.0,先锋路中天嘉苑7号楼2号商铺,9.0,十二街区,"清汤锅,精品羊肉,鲜切羊肉",9,9.0,9.0,火锅,0.0,铜锅开涮  俊杰涮羊肉,88.138
http://www.dianping.com/shop/6139434,108.0,109国道甘肃海丰汽车销售有限公司斜对面,9.0,草场街,"爆炒羊肉,三炮台,自制酸奶",9,8.7,8.9,其他美食,1160.0,阿西娅羊羔肉,86.794
http://www.dianping.com/shop/67734289,46.0,元森北新时代玫瑰园8号楼商铺元通大道119之2号,9.0,北滨河路,"法式柠檬塔,核桃布朗尼,马卡龙礼盒",9,8.9,8.8,面包/饮品,149.0,甘旨･蘭   清真蛋糕,86.731
http://www.dianping.com/shop/98198605,0.0,瑞德大道131号阿波罗广场内,8.9,王府井,"精品毛血旺,叫花排骨,一掌定乾坤",9,9.0,9.0,其他美食,0.0,墨啡精致餐厅,80.519
http://www.dianping.com/shop/67270762,46.0,西关里二楼,8.9,永昌路,"鸳鸯番茄,肥牛,双舌牛油红锅",9,9.0,8.9,火锅,435.0,双舌记串串香(西关店),80.3
http://www.dianping.com/shop/45253760,72.0,平凉路北京华联购物中心2楼,8.9,平凉路,"战斧牛排Tb,黑胡椒蘑菇酱热狗HDBM,心脏病汉堡BHA",9,8.9,8.9,西餐,1028.0,美国巴迪家餐厅(平凉路店),80.142
http://www.dianping.com/shop/98508270,18.0,永昌中路西关里一楼铺面,8.9,城关区,"爱心冰粉,自制酸梅汤,佩奇的肥肠",9,8.9,8.9,快餐简餐,479.0,藤蔓麻辣集团,79.803
http://www.dianping.com/shop/69298793,17.0,木塔巷菜市场正对面,8.9,西关十字,"招牌肉馅饼,高担酿皮,冰爽醪糟",9,8.8,8.5,小吃面食,396.0,再回首,77.276
http://www.dianping.com/shop/2248828,129.0,广场南路西口135号,8.9,皋兰路,"雪花肥牛,虾滑,九记空运鲜毛肚",9,8.5,8.6,火锅,624.0,重庆九记老火锅(广场店),76.332
http://www.dianping.com/shop/23759530,121.0,雁滩路万达金雁巷内,8.8,万达广场,"顶级谷饲超厚菲力牛排,秘制土豆泥,黑汉堡",9,8.9,8.9,西餐,3704.0,Charlie's Burger美国查理餐厅,74.175
http://www.dianping.com/shop/18184434,49.0,五泉路54号,8.8,五泉山,"石锅拌饭,韩式风干肠,五花肉",9,8.8,8.8,烧烤,2687.0,本家韩式料理,72.535
http://www.dianping.com/shop/3464491,70.0,定西路77号,8.8,定西路,"鸡翅,巴沙鱼,焖锅",9,8.5,8.8,火锅,5041.0,黄记煌三汁焖锅(定西路店),72.416
http://www.dianping.com/shop/5360961,28.0,北滨河路754号,8.8,北滨河路,"安泊尔牛肉面,酱牛肉,牛腱子肉",9,8.7,8.8,其他美食,2787.0,安泊尔(北滨河路店),72.072
http://www.dianping.com/shop/98327387,0.0,永昌中路汇胜购物中心5楼,8.8,永昌路,"牛羊双拼,精品太阳卷,极品鲜毛肚",9,9.0,8.8,火锅,0.0,白云宾馆-牧羊世家鱼羊鲜火锅,71.924
http://www.dianping.com/shop/8718167,71.0,西津西路49号银信大厦4楼,8.8,兰州西站,"大队嫩牛肉,大队书记毛肚,大队千层肚",9,8.8,8.7,火锅,2178.0,大队长主题火锅(西津西路店),71.733
http://www.dianping.com/shop/5384202,75.0,酒泉路279号信生大厦2楼,8.8,张掖路,"大队千层肚,大队麻辣牛肉,土豆片",9,8.8,8.8,火锅,1217.0,大队长主题火锅(酒泉路店),71.627
http://www.dianping.com/shop/69618569,40.0,玉门街水世界六楼,8.8,西固区,"金针菇,风干肠,五花肉",9,8.8,8.8,烧烤,972.0,云南涮烤吧(一分店),71.476
http://www.dianping.com/shop/110067817,0.0,大众巷中段120-1号,8.8,张掖路,"甜胚子奶茶,甜心芒芒,招牌鲜萃果茶",9,8.8,8.9,面包/饮品,0.0,沐風(大众巷店),71.363
http://www.dianping.com/shop/93659669,81.0,东岗东路1786号第一干休所,8.8,东岗东路,"涮羊肉,烤羊肉串,土豆片",9,8.8,8.8,火锅,483.0,清真御膳羊烤涮餐厅,71.174
http://www.dianping.com/shop/76743867,11.0,7里南滨河中路金港城糖业烟酒市场大门口,8.8,七里河区,"北京烤鸭,精品毛血旺,私家耗儿鱼",9,8.8,8.8,其他美食,414.0,新天盛酒店,71.131
http://www.dianping.com/shop/110249341,0.0,甘南路702号,8.8,甘南路,"香辣小龙虾,十三香小龙虾,扬州炒饭",9,8.8,8.8,烧烤,0.0,羊小鲜·牛小啤,70.876
http://www.dianping.com/shop/80201830,0.0,南河路2848号,8.8,大润发,"缤纷水果,玫瑰物语,鲜花蛋糕",9,8.8,8.8,面包/饮品,0.0,于氏蛋糕店,70.876
http://www.dianping.com/shop/97065963,0.0,火星街曦华源小区东50米,8.8,兰州西站,"麻辣牛肚,秘制牛肚片,秘制牛肠",9,8.8,8.7,火锅,0.0,快手串串火锅,70.388
http://www.dianping.com/shop/27138057,81.0,正宁路小吃街东口对面邮局隔壁,8.8,双城门,"精品毛肚,定西宽粉,麻辣牛肉",9,8.2,8.7,火锅,4277.0,成都老夏老火锅(正宁路店),69.883
http://www.dianping.com/shop/5314883,14.0,东岗东路1999号王府井百货东门外1楼,8.7,东岗东路,"超冷甜醅子奶茶,芝盐浮云咖啡,放哈甜胚子大红袍奶茶",9,8.5,8.4,咖啡厅,8498.0,放哈咖啡(王府井店),64.98
http://www.dianping.com/shop/24351424,14.0,西太华商厦北侧西太华宾馆对面，阳光家园牡丹苑门口,8.7,兰州西站,"甜胚子奶茶,放哈甜醅子绿茶,芝盐浮云奶茶",9,8.5,8.5,咖啡厅,5966.0,放哈咖啡(西站店),63.904
http://www.dianping.com/shop/101903761,0.0,东岗东路爱琴海门前停车场西域柴火鸡楼下,8.7,王府井,"奥利奥黑森林,芝士南瓜,榴莲霸霸",9,8.8,8.8,面包/饮品,0.0,二分之一tea茶与欧包,63.256
http://www.dianping.com/shop/92068110,17.0,阳光商业街新川林右侧,8.7,兰州西站,"竹炭黑乌龙,乐桃桃优格,黄桃燕麦茶拿铁",9,8.7,8.8,面包/饮品,385.0,烛芒新派茶饮,62.97
http://www.dianping.com/shop/79601965,0.0,柏道路63-1号第2层晴天网咖旁,8.7,城关区,"双层皇冠蛋糕baby同款,火烈鸟暖心粉色气球蛋糕,梦游娃娃暖灯生日蛋糕粉色款",9,8.8,8.7,面包/饮品,0.0,晴天甜品站,62.768
http://www.dianping.com/shop/91972164,11.0,正宁路夜市中段,8.7,城关区,"花枝榴莲,窈窕玉露,白桃乌龙拿铁",9,8.7,8.7,面包/饮品,487.0,对花啜茶(正宁路店),62.545
http://www.dianping.com/shop/98346458,0.0,雁儿湾路202号欣欣嘉园东1-108至110商铺,8.7,城关区,"三合一麻酱料碗,肥牛一号,聚京源特色料碗",9,8.7,8.7,火锅,0.0,聚京源老北京铜锅涮,62.244
http://www.dianping.com/shop/96463670,0.0,西站放哈咖啡向内二十米,8.7,兰州西站,"海鲜黄金饭,麻辣小龙虾,烤土豆片半把",9,8.7,8.6,火锅,0.0,邂逅虾友记,61.756
http://www.dianping.com/shop/97722590,0.0,甘南路835号,8.7,甘南路,"紫菜蛋花汤,农家小炒肉,干锅土豆片",9,8.7,8.6,其他美食,0.0,香溢無二,61.756
http://www.dianping.com/shop/93410895,50.0,道升巷4-22号,8.6,张掖路,"蟹黄小汤包,虾仁小汤包,解馋小汤包",9,9.0,9.2,川菜,350.0,九小记团团店,58.852
http://www.dianping.com/shop/98413572,0.0,西津西路68号,8.6,兰州西站,"澳洲西冷牛排,浓情烤翅,爆服气小吃拼盘",9,8.7,8.7,西餐,0.0,必胜客(西太华店),54.625
http://www.dianping.com/shop/4274773,13.0,正宁路217号,8.6,双城门,"放哈甜胚子大红袍奶茶,放哈甜醅子绿茶,芝盐浮云",9,8.3,8.3,咖啡厅,6540.0,放哈咖啡(正宁路店),54.616
http://www.dianping.com/shop/98504298,89.0,酒泉路北段437-451号金地大厦5F,8.6,酒泉路,"飘香三筋雪花牛肉,海南椰子鸡鸡,麻辣小龙虾",9,8.6,8.7,粤菜,342.0,名庭一哥•港式火锅,54.312
http://www.dianping.com/shop/70610468,0.0,张掖路275号,8.6,城关区,"芒果冰淇淋,焦糖布丁可丽,抹茶冰淇淋",9,8.7,8.5,其他美食,0.0,清真松枝记滋蛋仔,53.649
http://www.dianping.com/shop/111813177,0.0,建宁东路自由空间酒吧旁,8.6,西北师大,"简约风蛋糕,熔岩蛋糕,慕斯狗",9,8.6,8.6,面包/饮品,0.0,Doughnuts爱.烘焙,53.613
http://www.dianping.com/shop/111532997,0.0,武都路121号,8.6,静宁路,"草莓桑葚星冰乐,星空星冰乐,芒果蜜桃星冰乐",9,8.6,8.6,面包/饮品,0.0,反正,53.613
http://www.dianping.com/shop/1984576,66.0,上西园158号,8.6,小西湖,"手抓羊肉,东乡土豆片,三泡台",9,8.5,8.5,其他美食,850.0,忠华手抓大王(硷沟沿店),53.126
http://www.dianping.com/shop/92632176,0.0,永昌南路39-2号,8.6,永昌路,"精制章鱼烧,芒果冰袋,肉松虾丸",9,8.6,8.5,快餐简餐,0.0,壹家丸子店,53.125
http://www.dianping.com/shop/19469181,11.0,正宁路231-243号,8.6,城关区,"牛奶鸡蛋醪糟,花生芝麻葡萄干",9,8.4,8.2,面包/饮品,800.0,老马家国华牛奶鸡蛋醪糟,51.108
http://www.dianping.com/shop/57853682,133.0,定远镇定远街道玉泉山庄,8.6,榆中县其他,"烤全羊,牛奶鸡蛋醪糟,烤土豆",8,8.4,8.6,其他美食,2103.0,玉泉山庄(定远店),50.912
http://www.dianping.com/shop/3683899,30.0,张掖路271号,8.5,白银路,"手撕包,生日蛋糕,玉米三明治",9,8.5,8.5,面包/饮品,3650.0,好利来(张掖路店),47.235
http://www.dianping.com/shop/13677134,14.0,永昌中路汇胜购物中心4楼,8.5,永昌路,"奥利奥,抹茶红豆,芒果巴旦木",9,8.5,8.5,面包/饮品,2751.0,DairyFairy冰雪精灵冰淇淋(汇胜购物店),46.68
http://www.dianping.com/shop/22993949,130.0,北滨河东路1号皇冠假日酒店4楼,8.5,体育公园,"蒜茸芝士焗阿根廷红虾,精品牛肉,高原羊腱肉",9,8.6,8.6,自助餐,942.0,兰州皇冠假日酒店南国苑波斯城餐厅,46.575
http://www.dianping.com/shop/98373845,15.0,张掖路246号,8.5,张掖路,"光头宽粉,原味番茄汤粉,勾魂米粉",9,8.6,8.6,快餐简餐,897.0,光头粉(张掖路总店),46.547
http://www.dianping.com/shop/32675629,181.0,天水中路20号（宁卧庄宾馆）2号楼,8.5,兰州大学,"牛肉面,三文鱼,咖啡",9,8.6,8.6,其他美食,726.0,宁卧庄宾馆二号楼餐厅,46.442
http://www.dianping.com/shop/77221540,70.0,酒泉路南关明德宫2楼,8.5,酒泉路,"自制滩羊羊肉卷,肥牛相间,吊龙",9,8.5,8.6,火锅,1391.0,明德宫-盖世老火锅店,46.328
http://www.dianping.com/shop/98699412,69.0,正宁路196-200号,8.5,甘南路,"烤羊肉,烤土豆,虾扯蛋",9,8.6,8.6,烧烤,525.0,烤匠烤肉,46.318
http://www.dianping.com/shop/58686626,63.0,天水南路523号东方大酒店2楼,8.5,城关区,"流汁宽粉,火吧江团烤鱼,妈妈的带鱼",9,8.6,8.6,其他美食,453.0,火吧梦想王国,46.273
http://www.dianping.com/shop/96469207,75.0,金昌南路170号,8.5,五泉山,"相间羊肉卷,鲜切羊肉,山泉水木炭锅",9,8.6,8.6,火锅,300.0,清真羊火了四季涮炒园,46.179
http://www.dianping.com/shop/20877978,36.0,永昌路西城巷68号,8.5,永昌路,"牛肉面,牛奶鸡蛋醪糟,酥油酸奶",9,8.5,8.6,其他美食,1111.0,阿拉兰清真牛肉面主题餐厅(永昌北路总店),46.155
http://www.dianping.com/shop/93461970,0.0,科教1号楼53-C号,8.5,西北师大,"旋转木马,大乳酪方块,毛毛虫",9,8.6,8.6,面包/饮品,0.0,欧麦烘焙(蓝天公寓店),45.993
http://www.dianping.com/shop/97200187,0.0,华亭街109号,8.5,武都路,"鸡肉丸,炸串,辣炒墨鱼仔",9,8.6,8.6,日本料理,0.0,串门日式杂食馆,45.993
http://www.dianping.com/shop/91872673,82.0,西站西路68号敦煌路西站火车头影城斜对面,8.5,七里河区,"手抓羊肉,酸奶,夹沙（酸辣、糖醋）",9,8.5,8.6,其他美食,308.0,阿西娅.故事厨房.一丁白盖头,45.659
http://www.dianping.com/shop/15432117,10.0,永昌南路29号,8.5,甘南路,"清真速冻水饺,酥皮点心,无糖绿豆糕",9,8.5,8.5,面包/饮品,940.0,陇鼎斋中式糕点,45.562
http://www.dianping.com/shop/91623510,26.0,万达广场金雁巷步行街烧货龙虾对面,8.5,城关区,"芝士芒芒,超级水果四季春,芝士水果茶",9,8.5,8.5,面包/饮品,879.0,本仙的茶,45.524
http://www.dianping.com/shop/95035081,0.0,九州中路561号九洲创城B区,8.5,九州开发区,"加州阳光,芒果拿破仑,榴芒双拼",9,8.6,8.5,面包/饮品,0.0,幸福西饼生日蛋糕,45.506
http://www.dianping.com/shop/18343505,30.0,建兰路步行街近瓜州路十字,8.5,兰州西站,"美式果仁,黑森林之恋,蓝莓之恋",9,8.5,8.5,面包/饮品,732.0,皇家happy精品蛋糕配送(西站店),45.433
http://www.dianping.com/shop/66377139,79.0,甘南路264号,8.5,东方红广场,"寿司拼盘,泡菜牛肉火锅,味增炸大虾",9,8.5,8.5,日本料理,621.0,福田居酒屋,45.365
http://www.dianping.com/shop/92876791,71.0,大众市场12号,8.5,武都路,"熊猫尖叫牛肉,熊掌极品毛肚,鱼滑三拼",9,8.5,8.5,火锅,463.0,熊猫天下蜀派麻辣火锅,45.267
http://www.dianping.com/shop/92880341,58.0,合水南路国芳百货5楼,8.5,西固城,"江团,鸡翅,凉拌苦菊",9,8.4,8.5,川菜,1134.0,渔歌· 活鱼现烤,45.157
http://www.dianping.com/shop/91602142,59.0,临夏路下沟110号,8.5,城关区,"精品羊肉卷,土豆片,空运千层肚",9,8.5,8.5,火锅,162.0,融溢楼老火锅,45.081
http://www.dianping.com/shop/18987279,79.0,东岗东路1999号兰新万国港一层-二层,8.5,东岗东路,"北京潮鸭披萨,牛排,超级至尊比萨（芝心普通装）",9,8.5,8.5,西餐,123.0,必胜客(瑞德店),45.057
http://www.dianping.com/shop/92674839,0.0,金牛街兰天公寓东门旁边,8.5,金牛街,"大叔奶茶,古茗奶茶,芝士乌龙",9,8.5,8.5,面包/饮品,0.0,古茗,44.981
http://www.dianping.com/shop/98098697,0.0,甘南路921号老东乡羊肉向西30米,8.5,甘南路,"超级鲜萃果茶,金桔柠檬,柠檬百香果茶",9,8.5,8.5,咖啡厅,0.0,沐風(甘南路店),44.981
http://www.dianping.com/shop/17715684,0.0,天水南路35号,8.5,兰州大学,"酒香坛子肉,兰州烧三鲜,黄金粗粮羹",9,8.5,8.5,粤菜,0.0,忆青花名宴,44.981
http://www.dianping.com/shop/91903979,0.0,光华街联发小区门口向北100米,8.5,七里河区,"精品尚脑卷,自制八宝茶,青笋",9,8.5,8.5,火锅,0.0,乾来聚涮羊肉,44.981
http://www.dianping.com/shop/98079655,0.0,福利西路新嘉园广场一楼,8.5,西固公园,"江团,宽粉,三秒海带芽",9,8.5,8.5,火锅,0.0,成都江渔府火锅,44.981
http://www.dianping.com/shop/110694628,0.0,天水南路5号,8.5,火车站,"牛肉,素凉面,鸡蛋",9,8.5,8.5,快餐简餐,0.0,伊百年牛肉面(火车站店),44.981
http://www.dianping.com/shop/102081055,0.0,铁路局中铁科技大厦二楼,8.5,城关区,"巫山烤鱼,米饭,红烧肉",9,8.4,8.6,其他美食,0.0,陇膳汇,44.945
http://www.dianping.com/shop/66903432,39.0,中山路亚欧商厦7楼,8.5,张掖路,"洋芋搅团,牛奶鸡蛋醪糟,烤羊腿",9,8.4,8.5,其他美食,154.0,玉泉山庄(亚欧店),44.552
http://www.dianping.com/shop/3135940,90.0,通渭路17号,8.6,通渭路,"手抓羊肉,黄焖羔羊肉,三泡台",8,7.6,8.3,其他美食,905.0,马老六清真餐饮(通渭路店),44.515
http://www.dianping.com/shop/98883792,0.0,金牛街西口,8.5,北滨河路,"招牌渔粉,麻辣五谷渔粉,五谷粉条",9,8.5,8.4,快餐简餐,0.0,渔粉世家,44.494
http://www.dianping.com/shop/103587855,0.0,永昌路26号皇后大道与汇盛购物中间巷道口,8.5,永昌路,"豪华起司马铃薯,海陆起司马铃薯,菠萝甜心",9,8.5,8.4,面包/饮品,0.0,台湾小马哥起司马铃薯饮品店,44.494
http://www.dianping.com/shop/45570276,59.0,中山路西单商场6楼美食城8号,8.5,七里河区,"烤牛肉,喵咪特色五花肉,石锅拌饭",8,8.5,8.5,烧烤,2659.0,喵呀咪呀韩式烤肉料理,43.673
http://www.dianping.com/shop/3524995,67.0,西站什字德盛西园2楼,8.5,兰州西站,"酸辣羊肚,麻辣江团鱼,火吧烤鱼",8,8.4,8.5,其他美食,1427.0,火吧PTV聚会餐厅(西站4号店),42.388
http://www.dianping.com/shop/110723200,0.0,西津西路西站十字西80米路北,8.4,兰州西站,"手抓羊肉,酸菜洋芋片,烤羊肉半把",9,8.5,8.5,其他美食,0.0,清真·河州故事回味餐厅,37.362
http://www.dianping.com/shop/50288561,0.0,合水路14号华都天韵大厦17层1702室,8.4,西固区,"奶油DIY蛋糕,冰梅,冰之恋",9,8.5,8.5,面包/饮品,0.0,可圈可点,37.362
http://www.dianping.com/shop/9598058,13.0,南滨河东路847号,8.4,张掖路,"香辣鸡腿堡,鸡肉卷,可乐",8,8.4,8.4,快餐简餐,6204.0,华莱士(中山桥店),37.23
http://www.dianping.com/shop/82683725,20.0,金牛街17栋1-8,8.4,安宁区,"甜醅子柠檬茶,甜胚子奶茶,甜醅奶茶",9,8.4,8.4,面包/饮品,814.0,蘭爵咖啡,36.853
http://www.dianping.com/shop/77010427,19.0,永昌路芭比客楼下,8.4,武都路,"缤纷水果乌龙茶团,超级芒果,牛乳风味巧克力",9,8.4,8.4,面包/饮品,561.0,鲜萃芝士茶 引茶,36.697
http://www.dianping.com/shop/106338225,0.0,西固中街55号,8.4,天鹅湖,"西瓜泡泡糖,满杯火龙果,渣渣乐",9,8.4,8.4,咖啡厅,0.0,芈茶咖啡厅,36.35
http://www.dianping.com/shop/21102458,20.0,敦煌路阳光家园一号楼二楼,8.4,兰州西站,"牛肉面,精品牛腱,牛奶鸡蛋醪糟",9,8.3,8.4,小吃面食,387.0,安泊尔牛肉面·民族小吃(西站店),36.065
http://www.dianping.com/shop/67342895,110.0,平凉路677号北京华联购物中心2层东侧,8.3,平凉路,"火焰小龙虾,麻辣小龙虾,蟹黄豆腐",9,9.0,9.1,小龙虾,685.0,麻小 麻辣诱惑(兰州店),35.713
http://www.dianping.com/shop/91596599,67.0,火星街曦华源80号,8.4,七里河区,"肥牛相间,宽粉,精品外脊",8,8.5,8.6,火锅,815.0,清真·昊火锅,35.402
http://www.dianping.com/shop/22140819,84.0,静宁路189号红楼商厦4楼,8.4,静宁路,"火吧烤鱼,酸辣羊肚,火吧酸汤面",8,8.4,8.5,其他美食,2258.0,火吧王子公主奇遇记(静宁路店),35.281
http://www.dianping.com/shop/6172130,35.0,敦煌路349号万辉国际广场北京华联超市1楼,8.4,万辉国际广场,"生日蛋糕,手撕包,水果蛋糕",8,8.3,8.4,面包/饮品,3303.0,好利来(西站店),34.915
http://www.dianping.com/shop/9608316,18.0,北滨河中路金城关回民中学旁,8.4,小西湖,金福蓬灰牛肉面,9,8.3,8.2,快餐简餐,36.0,金福蓬灰牛肉面,34.873
http://www.dianping.com/shop/98502321,0.0,张掖路谷丰美食城内,8.4,张掖路,"金城灰豆子,酸菜麻辣粉,大肉馅饼",8,8.5,8.5,小吃面食,0.0,舌尖尖传统小吃,34.411
http://www.dianping.com/shop/67121955,55.0,东岗西路东方红广场东口春风广场交通银行6楼,8.4,东方红广场,"土豆,拉条子,宽粉",8,8.4,8.5,火锅,823.0,都味尚品火锅,34.395
http://www.dianping.com/shop/6119819,53.0,109国道东50米,8.4,草场街,"爆炒牛犊肉,酸辣肚丝,羊羔肉",9,8.2,8.2,其他美食,69.0,白记爆炒牛犊肉羊羔肉,34.369
http://www.dianping.com/shop/58750549,18.0,东岗东路1681号瑞德摩尔,8.4,王府井,"鸟巢奶盖,奶盖茶,珍珠奶茶",8,8.5,8.4,面包/饮品,433.0,贡茶(王府井店),34.191
http://www.dianping.com/shop/57208893,0.0,安宁西路桃海小吃街向内100米,8.4,桃海,"愤怒的小鸟,蛋糕胚,蓝莓时光",8,8.5,8.4,面包/饮品,0.0,KingLove金乐·千千蛋糕,33.924
http://www.dianping.com/shop/111587258,0.0,酒泉路中林宾馆三楼,8.4,酒泉路,"广东菜心,米饭,铁板烧汁茄子",8,8.4,8.5,粤菜,0.0,云外天茶餐厅,33.887
http://www.dianping.com/shop/90451498,0.0,建兰路步行街川林大酒店背后,8.4,七里河区,"砂锅粉,手工麻辣粉",8,8.4,8.5,东北菜,0.0,砂锅老店,33.887
http://www.dianping.com/shop/97810617,0.0,甘南路东段兰海商贸城北门西侧150米处二楼,8.4,城关区,"鲜椒炒鸡仔,醪糟汤,外婆红烧肉",8,8.4,8.5,其他美食,0.0,品味厨房,33.887
http://www.dianping.com/shop/92108987,8.0,武威路350号,8.4,七里河区,"牛肉面,泡菜,面汤",8,8.4,8.4,快餐简餐,705.0,陇上传奇牛肉拉面(武威路店),33.835
http://www.dianping.com/shop/66888704,40.0,永昌南路64号魔方对面,8.4,永昌路,"滋滋江团,滋滋梭边鱼,藤椒烤鱼",8,8.4,8.4,川菜,638.0,小门神滋滋烤鱼,33.793
http://www.dianping.com/shop/5559054,19.0,庆阳路348-352号百安购物中心,8.4,南关十字,"水果蛋糕,生日蛋糕,手撕包",8,8.3,8.4,面包/饮品,1352.0,好利来(世纪广场店),33.71
http://www.dianping.com/shop/92870950,18.0,雁滩路金雁巷25-13号,8.4,万达广场,"奶盖茶,水果茶,芝士武岩韵茶",8,8.4,8.4,面包/饮品,386.0,弥茶,33.638
http://www.dianping.com/shop/77364065,20.0,麦积山路西段兄弟船隔壁,8.4,城关区,"芒果千层,奥利奥千层,葡式蛋挞",8,8.4,8.4,面包/饮品,220.0,沐堇咖啡蛋糕,33.535
http://www.dianping.com/shop/102493250,0.0,富强路157号物美大卖场内,8.4,安宁区,"捧在手心鲜花蛋糕,爱意浓浓鲜花蛋糕,水果盒子",8,8.4,8.4,面包/饮品,0.0,沐苏里·清真蛋糕(农大店),33.399
http://www.dianping.com/shop/6164587,0.0,天平街，原和政路夜市55号2楼,8.4,火车站,,8,8.4,8.4,火锅,0.0,田园记百杨庄火锅,33.399
http://www.dianping.com/shop/96127175,0.0,安宁东路134号,8.4,金牛街,"青花椒酸汤鸳鸯锅,香菜牛肉,鬼肉魔芋",8,8.4,8.4,火锅,0.0,屋头串串香(瑞南紫郡店),33.399
http://www.dianping.com/shop/90512138,25.0,火车站西路仁恒国际汽车站向西100米路南,8.4,城关区,"美味汤羊杂,老毛招牌羊杂,碗蒸羊羔肉",8,8.4,8.3,小吃面食,361.0,老毛羊杂馆,33.135
http://www.dianping.com/shop/2583583,37.0,张掖路大众巷74号,8.4,大众巷,"杏皮水,羊肉串,土豆",8,8.3,8.2,烧烤,1651.0,茹记烤肉,32.919
http://www.dianping.com/shop/90982379,0.0,南山路五泉广场5D影院内,8.4,城关区,"蛋爆肠,芒果雪糕红豆冰,超级芒果冰",8,8.4,8.3,面包/饮品,0.0,泰芒了(五泉广场店),32.912
http://www.dianping.com/shop/37949744,79.0,团结新村街道定西路23-2号,8.4,定西路,"手抓羊肉,黄焖羊肉,羊羔肉",8,8.2,8.4,其他美食,874.0,马大胡子(定西路店),32.891
http://www.dianping.com/shop/108135156,0.0,张掖路136号,8.4,张掖路,"不黑森林,雪耳",8,8.3,8.4,面包/饮品,0.0,莓兽(汉莎店),32.875
http://www.dianping.com/shop/97886573,0.0,小西湖东街,8.4,小西湖,"冰雪奇缘,旋转木马蛋糕,双层摇头猫",8,8.3,8.4,面包/饮品,0.0,欧麦蛋糕,32.875
http://www.dianping.com/shop/24267855,25.0,天水南路269号A-14号,8.4,皋兰路,"大盘鸡,红烧牛肉盖饭,红烧夹沙盖饭",8,8.4,8.2,快餐简餐,552.0,香又鲜大盘鸡羊羔肉酸菜鱼,32.765
http://www.dianping.com/shop/93916666,0.0,庄浪西路虹盛百货5楼,8.4,天鹅湖,"定西土豆片,精品千层肚,四川鸭血",8,8.2,8.3,火锅,0.0,遇见水晶火锅,31.863
http://www.dianping.com/shop/5150731,16.0,道升巷22号,8.4,张掖路,"高担酿皮,灰豆子,甜醅",9,7.8,7.9,快餐简餐,508.0,再回首,31.08
http://www.dianping.com/shop/48037905,15.0,永昌南路118号,8.3,双城门,"蜂蜜蛋糕,桃酥,玫瑰鲜花饼",8,8.3,8.3,面包/饮品,7917.0,唐叙斋中式传统点心(永昌南路店),29.657
http://www.dianping.com/shop/32879265,15.0,白银路街道甘南路861号,8.3,甘南路,"牛肉面,腱子肉,卤鸡蛋",8,8.3,8.4,快餐简餐,4101.0,清真松鼠家牛肉面(正宁路店),27.788
http://www.dianping.com/shop/50544383,18.0,一只船中街,8.4,城关区,"牛肉面,腱子肉,酸白菜",8,7.8,7.8,快餐简餐,103.0,君乐牛肉面(一只船中街店),27.391
http://www.dianping.com/shop/67790984,64.0,国芳百货南侧,8.3,城关区,"精品西冷牛排,田园风情沙拉,特酿珍藏红葡萄酒",8,8.4,8.4,西餐,820.0,留年·音乐餐酒吧,26.286
http://www.dianping.com/shop/67879175,56.0,瑞德摩尔商厦19-2003号王府井百货路南,8.3,王府井,"牛肉,吊龙,双层肉",8,8.3,8.3,火锅,2245.0,牛先生鲜牛肉火锅.斑鱼火锅,26.154
http://www.dianping.com/shop/67656430,112.0,张掖路街箭道巷58号,8.3,城关区,"玫瑰之约,盛夏的果实,大白翻糖蛋糕",8,8.4,8.4,面包/饮品,258.0,卡客蛋糕,25.939
http://www.dianping.com/shop/96342041,71.0,甘南路501向西100米,8.3,甘南路,"V型蟹柳,炸小酥肉,麻辣牛肉锅底",8,8.4,8.4,火锅,163.0,雙舌记老灶火锅(甘南路店),25.881
http://www.dianping.com/shop/95335383,0.0,正宁路甘家巷东行路北10米,8.3,南关十字,"圣代,鸡米花,鸡腿堡",8,8.5,8.3,快餐简餐,0.0,快乐星汉堡,25.817
http://www.dianping.com/shop/76081748,15.0,道升巷17号,8.3,张掖路,"鸡米花,薯饼,蔓越莓蛋仔",8,8.3,8.3,小吃面食,1666.0,松枝记(道升巷新世界店),25.797
http://www.dianping.com/shop/97190897,0.0,雁滩路雁京家园3620号,8.3,大润发,"牛肉面,手抓羊肉,自助料碗",8,8.4,8.4,其他美食,0.0,随心阁雁京总店,25.78
http://www.dianping.com/shop/92027653,50.0,通渭路6号,8.3,城关区,"芒果,黑胡椒菲力牛扒,酱香海鲜乌冬面",8,8.2,8.4,西餐,1523.0,吾悦咖啡,25.672
http://www.dianping.com/shop/66836672,92.0,张掖路与静宁路十字西北角,8.3,城关区,"肥牛卷,香辣排骨虾,无骨鸭掌",8,8.3,8.4,火锅,656.0,天御轩重庆火锅料理,25.661
http://www.dianping.com/shop/5235930,26.0,静宁南路小俏门外221号,8.3,静宁路,"芝士蛋糕,提拉米苏,脏脏包",8,8.3,8.3,面包/饮品,1332.0,润林居烘焙咖啡·清真(小稍门店),25.591
http://www.dianping.com/shop/19262476,18.0,11街兰馨花园3号楼9号商铺,8.3,十二街区,"熔岩蛋糕,推推乐,榴芒来了",8,8.3,8.3,面包/饮品,913.0,AILI爱的礼物(福利路店),25.332
http://www.dianping.com/shop/56586401,11.0,甘南路716号,8.3,甘南路,"新鲜柠檬绿茶,新鲜柠檬红茶,红豆抹茶鲜奶",8,8.3,8.3,面包/饮品,868.0,察理王子,25.304
http://www.dianping.com/shop/98359351,0.0,张掖路246号,8.3,张掖路,"原味酸菜钵钵鱼单人餐,大窑嘉宾,百岁山",8,8.4,8.3,火锅,0.0,簋鱼锅 钵钵鱼,25.292
http://www.dianping.com/shop/80616033,15.0,永昌路259号汇胜购物对面,8.3,城关区,"大满贯甜醅子绿茶,芒果圣代,庄园可可",8,8.3,8.2,面包/饮品,1609.0,城市套路奶茶咖啡,25.274
http://www.dianping.com/shop/9614799,14.0,福利西路兰铝二区451号,8.3,天鹅湖,"寿比南山,纯手工黑芝麻老婆饼,核桃枣泥蛋糕",8,8.3,8.3,面包/饮品,646.0,金禧利蛋糕,25.167
http://www.dianping.com/shop/93239359,46.0,东方红广场国芳百货8楼影院入口旁,8.3,东方红广场,"苏丹王黄金果肉榴莲披萨,猫山王榴莲披萨,麻辣肉酱意面",8,8.3,8.3,西餐,376.0,清真.萨多多榴莲披萨,25.0
http://www.dianping.com/shop/76996812,14.0,中山路92号,8.3,西关十字,"大香肠饮,大香肠杨梅汁,老长沙大香肠",8,8.3,8.3,快餐简餐,282.0,文和友老长沙大香肠(中山路店),24.942
http://www.dianping.com/shop/75600201,126.0,张掖路道升巷4-22号,8.3,张掖路,"九记竹签牛肉,冰粉,九记空运鲜毛肚",8,8.3,8.3,火锅,230.0,重庆九记老火锅(张掖路店),24.91
http://www.dianping.com/shop/32672814,90.0,麦积山路颜家沟75号,8.3,城关区,"厚切三文魚,鳗鱼饭,地狱牛肉拉面",8,8.3,8.2,日本料理,977.0,兄弟船刺身(麦积山路店),24.884
http://www.dianping.com/shop/32708725,72.0,雁滩路3113号美仑购物广场1层20号商铺,8.3,雁滩路,"小食拼盘,海鲜至尊比萨（芝心普通装）,榴莲多多比萨",8,8.3,8.3,西餐,137.0,必胜客(雁滩店),24.853
http://www.dianping.com/shop/90943425,0.0,万新北路粉色楼兰飞东区二楼202室,8.3,安宁区,"手工巧克力,卡通饼干,水果裸蛋糕",8,8.3,8.3,面包/饮品,0.0,芝士时光DIY手工烘焙店,24.768
http://www.dianping.com/shop/98900087,0.0,中山路下沟超市东侧,8.3,西关十字,"甜筒,薯条,老北京鸡肉卷",8,8.3,8.3,快餐简餐,0.0,汤姆之家,24.768
http://www.dianping.com/shop/15854035,0.0,福利东路11街区1101号楼,8.3,十二街区,"挪威森林,情缘,幸福满满",8,8.3,8.3,面包/饮品,0.0,红房子西饼(十一街区店),24.768
http://www.dianping.com/shop/98603486,0.0,金塔巷小学向西50米,8.3,南关十字,"巴蜀毛肚,肥牛,撒尿牛肉丸",8,8.3,8.3,快餐简餐,0.0,渝香记火锅米线,24.768
http://www.dianping.com/shop/96734298,0.0,民族金街A3段2层,8.3,倚能,"甜胚子奶茶,阿萨姆红豆奶茶,奶爸炒虾尾",8,8.3,8.3,面包/饮品,0.0,放哈咖啡·五点半快乐驿站,24.768
http://www.dianping.com/shop/111488273,0.0,甘南路278号盛隆大厦1层2号商铺,8.3,平凉路,"提拉米苏芝士挞,美式披萨,提拉米苏鲜奶蛋糕",8,8.3,8.3,面包/饮品,0.0,潘达甜品店,24.768
http://www.dianping.com/shop/102369693,0.0,火星街477号金达家属院底商,8.3,兰州西站,"油条虾,荤素串串,火锅面",8,8.3,8.3,火锅,0.0,签遇签寻串串香,24.768
http://www.dianping.com/shop/10358000,57.0,甘南中路500号,8.3,甘南路,"米酒,酸辣土豆片,瓜子",8,8.3,8.2,家常菜,202.0,午未酒栈,24.405
http://www.dianping.com/shop/5257670,87.0,火车站西路82号,8.3,火车站,"全聚德特级烤鸭,金汤肥牛,燕麦红薯",8,8.2,8.3,其他美食,193.0,全聚德(火车站西路店),24.363
http://www.dianping.com/shop/96281109,0.0,南关井儿街64号蓝莲花酒店向东10米,8.3,城关区,"台湾大大鸡排饭,鲜果醪糟,金牌卤肉饭",8,8.4,8.1,快餐简餐,0.0,阿文便当,24.317
http://www.dianping.com/shop/98941615,0.0,中山路亚欧商厦木塔巷张掖路地下美食城内,8.3,张掖路,"小蹄大作,OK凤爪,可乐",8,8.3,8.2,快餐简餐,0.0,小蹄大作(张掖路店),24.28
http://www.dianping.com/shop/111824833,0.0,风情美食街敦煌路349号,8.3,兰州西站,"鸡肉千张卷饼,自熬小米粥,卤肉鸡肉卷饼",8,8.3,8.2,快餐简餐,0.0,程梓家卷饼(西站店),24.28
http://www.dianping.com/shop/111515723,0.0,王府井百货,8.3,王府井,"脏脏茶,静冈抹茶,樱花乌龙奶盖",8,8.2,8.3,面包/饮品,0.0,1314一杯会说话的奶茶(王府井店),24.244
http://www.dianping.com/shop/98117661,0.0,欣欣嘉园东区东门,8.3,城关区,"羊肉卷,烤土豆,烤肚子",8,8.2,8.3,火锅,0.0,清真领头羊烤肉涮锅(东城夜宵店),24.244
http://www.dianping.com/shop/110295634,0.0,武都路曹家厅16号,8.3,静宁路,"鸳鸯锅,定西农家手工宽粉,康县木耳",8,8.2,8.3,火锅,0.0,辣年辣月私房火锅,24.244
http://www.dianping.com/shop/72476356,44.0,上水巷6号,8.3,永昌路,"天府可乐,麻辣牛肉,九宫格老火锅",8,8.2,8.2,火锅,771.0,云渡·巴山味重庆老火锅,24.232
http://www.dianping.com/shop/68585260,16.0,北滨河东路77号,8.3,城关区,"牛肉,肉蛋双飞,牛腱子",8,8.2,8.2,快餐简餐,55.0,金强兰州牛肉面,23.79
http://www.dianping.com/shop/10331480,98.0,通渭路49号1-2层,8.3,通渭路,"手抓羊排,宫爆山药,沸腾鱼",8,7.9,8.5,其他美食,173.0,伊兰紫阁(通渭路),23.753
http://www.dianping.com/shop/4230493,16.0,雁滩路3266号,8.5,雁滩路,"牛肉面,白切牛肉,兰州拉面",8,6.8,6.5,快餐简餐,274.0,白建强牛肉面,23.534
http://www.dianping.com/shop/6037375,14.0,火车站西路732号,8.3,酒泉路,"牛肉,腱子肉,小菜",8,8.1,8.2,快餐简餐,76.0,金强牛肉面(五泉广场店),23.279
http://www.dianping.com/shop/103546906,0.0,中山路与武都路交叉口东北角大牌厨房美食城内,8.3,西关十字,黄焖鸡米饭,8,8.2,8.1,快餐简餐,0.0,厨房仔·黄焖鸡米饭,23.268
http://www.dianping.com/shop/98443745,0.0,张掖路步行街东丽大厦谷丰美食城,8.3,张掖路,"鬼肉魔芋,全红锅,鸳鸯锅",8,8.1,8.2,火锅,0.0,成都屋头串串香,23.232
http://www.dianping.com/shop/2891725,50.0,盘旋路飞天大酒店西50米,8.3,兰州大学,"烤肉串,烤茄子,杏皮水",8,8.1,8.0,小吃面食,500.0,大漠烤肉(盘旋路店),22.565
http://www.dianping.com/shop/5320634,40.0,北滨河东路360号,8.3,北滨河路,"牛肉拉面,牛腱子,麻辣牛肉条",8,7.6,8.2,快餐简餐,274.0,东方宫兰州牛肉拉面(滨河路旗舰店),20.78
http://www.dianping.com/shop/91998673,78.0,宝石花路蓝庭雅阁酒店巷内100米,8.2,安宁区,"牛油鸳鸯锅,魔鬼腰花,定西宽粉",8,8.2,8.3,火锅,5055.0,巴蜀大将火锅,19.746
http://www.dianping.com/shop/68935079,73.0,西固公园华联超市2楼,8.3,西固区,"麻辣嫩牛肉,重庆原味锅,鲜竹笋",8,7.5,7.7,火锅,3286.0,辛港渣渣老火锅,19.677
http://www.dianping.com/shop/18348248,14.0,西站敦煌路万辉广场华联超市一楼,8.2,兰州西站,"奥利奥冰激凌,冰雪风暴,绿茶巴旦木",8,8.2,8.2,面包/饮品,4425.0,DairyFairy冰雪精灵冰淇淋(万辉店),18.869
http://www.dianping.com/shop/96277672,0.0,庆阳路482号,8.2,双城门,"九香排骨,九香牛肉,火锅料碗",8,8.4,8.5,火锅,0.0,蜀九香火锅,18.648
http://www.dianping.com/shop/18485191,16.0,甘南路76号,8.3,兰州大学,"牛肉,小菜们,洋芋片",8,7.5,7.8,快餐简餐,357.0,舌尖尖牛肉面(兰大店),18.356
http://www.dianping.com/shop/92833871,45.0,正宁路117号花田巷A05-1,8.2,城关区,"春川铁板鸡,炒饭,海带汤",8,8.4,8.3,韩国料理,666.0,春川铁板鸡,18.084
http://www.dianping.com/shop/66307727,14.0,建兰路29号,8.2,兰州西站,"牛肉面,杏皮水,小菜",8,8.2,8.3,快餐简餐,2296.0,陇上传奇牛肉拉面(建兰路店),18.042
http://www.dianping.com/shop/9616648,40.0,庄浪西路174号虹盛百货正门口,8.2,天鹅湖,"寿桃蛋糕,蓝莓风暴,蓝莓蛋糕",8,8.2,8.2,面包/饮品,3010.0,安旗西饼(西固虹盛店),17.995
http://www.dianping.com/shop/14742070,26.0,张掖路保利大厦向西（众友健康城西巷50米）贡元巷73号,8.2,武都路,"铁板羊肉,铁板拉条,铁板宽粉",8,8.3,8.1,日本料理,2322.0,小罗铁板烧,17.607
http://www.dianping.com/shop/8872688,63.0,安宁东路250号,8.2,十里店,"精品毛血旺,糖醋里脊,酸汤肥牛",8,8.2,8.2,川菜,2245.0,天香楼,17.523
http://www.dianping.com/shop/22654476,67.0,天水北路52号万达文华酒店二楼品珍中餐厅,8.2,万达广场,"素佛跳墙,红烧黄河鲤鱼,延边牛肉",8,8.3,8.3,粤菜,346.0,万达文华酒店品珍中餐厅(天水北路店),17.362
http://www.dianping.com/shop/66209909,78.0,甘南路中段公交车站对面巷子10米处,8.2,甘南路,"秘制鲜毛肚,碗装鸭血,竹荪虾滑",8,8.3,8.2,火锅,1067.0,蜀味堂川味老火锅(甘南路店),17.32
http://www.dianping.com/shop/17778905,51.0,甘南路与正宁路交叉口西南角,8.3,甘南路,"烤羊皮,羊肉串,烤茄子",8,7.5,7.6,烧烤,185.0,大自然烤肉(甘南路店),17.274
http://www.dianping.com/shop/17237519,24.0,广场南路西口底巷子34号,8.2,皋兰路,"阿嬷辣辣汁土豆片,辣辣汁豆皮,辣汁三拼",8,8.3,8.2,小吃面食,986.0,阿嬷专属土豆の店,17.27
http://www.dianping.com/shop/20849847,66.0,酒泉路北段437-451号,8.2,张掖路,"小龙虾,干酪鱼,老酸奶",8,8.2,8.3,火锅,896.0,名庭一哥港式火锅,17.178
http://www.dianping.com/shop/21060428,0.0,建宁东路兰天公寓南门口向西50米,8.2,西北师大,"伊曼斯顿蛋糕,水果奶油蛋糕,小汽车蛋糕",8,8.3,8.3,面包/饮品,0.0,沐苏里清真蛋糕(兰天公寓店),17.149
http://www.dianping.com/shop/32668527,30.0,四季青街道西固巷74号,8.2,西固城,"胡萝卜素,鸡翅排骨虾,排骨肥肠虾",8,8.3,8.2,火锅,756.0,上上签,17.128
http://www.dianping.com/shop/17727198,11.0,天鹅湖十字向西100米,8.2,天鹅湖,"蔓越莓酸奶,黄桃冰淇淋酸奶,芒果酸奶",8,8.3,8.2,面包/饮品,513.0,开菲尔现酿酸奶屋(天鹅湖店),16.978
http://www.dianping.com/shop/57869444,17.0,永昌中路民基大厦235号,8.2,城关区,"丸子汤,夹心蟹排,海带",8,8.2,8.2,小吃面食,1351.0,风之丸丸子专卖(永昌路店),16.971
http://www.dianping.com/shop/20925574,26.0,北滨河东路365号,8.2,北滨河路,"牛肉面,甜坯子,牛肉",8,8.2,8.2,私房菜,1341.0,清真老桥头牛肉面私房菜,16.965
http://www.dianping.com/shop/97176175,103.0,南滨河路新港城D区北门向东200米,8.2,新港城,"嫩牛肉,甜豆花,精品千层肚",8,8.2,8.3,火锅,507.0,川西坝子火锅,16.937
http://www.dianping.com/shop/6215010,25.0,渭源路117号,8.2,万达广场,"水果蛋糕,手撕包,老婆饼",8,8.2,8.2,面包/饮品,1246.0,好利来(渭源路店),16.906
http://www.dianping.com/shop/24304673,23.0,福利西路新嘉园广场招商银行隔壁,8.2,天鹅湖,"酸奶慕斯蛋糕,迷你水果小蛋糕,蓝莓钻石",8,8.2,8.2,面包/饮品,1109.0,安旗西饼(西固福利路店),16.822
http://www.dianping.com/shop/95337948,77.0,东岗东路瑞德摩尔加勒比海9-202号,8.2,王府井,"黄辣丁,现磨豆浆,长江江团",8,8.3,8.2,火锅,238.0,友佳渔府,16.808
http://www.dianping.com/shop/96601310,71.0,广场北路92号陆都花园底商,8.2,东方红广场,"牛油鸳鸯锅,香菜牛肉,毛肚",8,8.3,8.2,火锅,236.0,蜀宗签味,16.807
http://www.dianping.com/shop/66016376,28.0,甘南中路德生堂药店东侧巷内10米西侧,8.2,城关区,"烤银包鲶鱼,风干肠,特味五花",8,8.2,8.2,烧烤,1080.0,韩氏宫烤肉料理(甘南中路店),16.804
http://www.dianping.com/shop/19345466,74.0,永昌中路与金塔巷交叉口,8.2,永昌路,"火锅,麻辣牛肉,鱼滑",8,8.2,8.3,火锅,133.0,峰火锅(永昌路店),16.707
http://www.dianping.com/shop/77527925,18.0,中山路273号桥门大厦一楼,8.2,城关区,"牛肉面,酸奶,灰豆",8,8.2,8.2,快餐简餐,901.0,谢赫经典牛肉面,16.693
http://www.dianping.com/shop/5736349,0.0,天庆莱茵小镇2号楼1号商铺,8.2,北面滩,"提拉米苏,发式榛子,樱桃巧克力",8,8.3,8.2,面包/饮品,0.0,约客蛋糕,16.661
http://www.dianping.com/shop/15853901,0.0,虹盛综超步行街双桥洞旁,8.2,兰化医院,"挪威森林,笨笨牛,水果蛋糕",8,8.2,8.3,面包/饮品,0.0,红房子蛋糕(步行街店),16.624
http://www.dianping.com/shop/18061766,61.0,山丹街445号,8.2,西固公园,"熔岩蛋糕,草莓旋律,茶韵",8,8.2,8.2,面包/饮品,715.0,AILI爱的礼物(公园路店),16.578
http://www.dianping.com/shop/2089993,103.0,中山路75号,8.2,白银路,"腊肉杂粮包,四喜银鳕鱼狮子头,茶香红烧肉",8,8.2,8.2,快餐简餐,632.0,狗不理(西关店),16.527
http://www.dianping.com/shop/4510689,33.0,中央广场4号,8.2,西关十字,"熔岩蛋糕,推推乐,巧克力布朗尼",8,8.2,8.2,面包/饮品,505.0,AILI爱的礼物(省政府店),16.449
http://www.dianping.com/shop/18964508,24.0,南河路欣欣茗苑东门向南五十米,8.2,段家滩,"雪花蓝莓,迷你巧克力蛋糕,迷你水果小蛋糕",8,8.2,8.2,面包/饮品,394.0,安旗西点(段家滩店),16.38
http://www.dianping.com/shop/91065777,62.0,静宁南路189号,8.2,城关区,"茼蒿,鸭肠,午餐肉",8,8.1,8.3,火锅,242.0,重庆天賦老火锅,16.25
http://www.dianping.com/shop/22952404,61.0,合水南路125号国芳百货26楼,8.2,玉门街,"养生海鲜黑豆腐,民勤油饼,香菇包",8,8.2,8.2,其他美食,126.0,铭香酒店,16.215
http://www.dianping.com/shop/110653032,15.0,武都路91号武都路与静宁路交叉口西行,8.2,静宁路,"养生豆浆,秘制酸辣粉,黑椒牛肉",8,8.2,8.2,小吃面食,39.0,吉品合烤饼,16.161
http://www.dianping.com/shop/92777660,0.0,定西南路336-338,8.2,火车站,"牛肉,精美小菜,鸡蛋",8,8.2,8.2,快餐简餐,0.0,赵原牛肉面,16.137
http://www.dianping.com/shop/110407688,0.0,天水北路23号,8.2,滩尖子,"米饭,蔬果番茄鱼,魔芋结",8,8.2,8.2,快餐简餐,0.0,鱼的错酸菜鱼米饭(吉客来美食城店),16.137
http://www.dianping.com/shop/97118340,0.0,永昌中路汇胜对面,8.2,永昌路,"桃汁幺幺,奥利奥可可奶茶,美式热狗",8,8.2,8.2,面包/饮品,0.0,L·Tea柠爱,16.137
http://www.dianping.com/shop/18345016,0.0,东岗东路1681号（瑞德大道大西洋电器城南侧）兰新润德摩尔安琪西堤蛋糕店对面,8.2,王府井,"开心合家欢,红薯粉,娃娃菜",8,8.2,8.2,火锅,0.0,紫苑香金品海鲜火锅,16.137
http://www.dianping.com/shop/50310276,0.0,和平镇工贸一条街世纪大厦2楼,8.2,榆中县其他,番茄锅,8,8.2,8.2,火锅,0.0,基龙港酒楼,16.137
http://www.dianping.com/shop/9611798,0.0,庄浪西路146号,8.2,天鹅湖,"情缘,浓情巧克力,水果派对",8,8.2,8.2,面包/饮品,0.0,红房子西饼(西固山丹街店),16.137
http://www.dianping.com/shop/92633173,0.0,正宁路花田巷,8.2,城关区,"土豆片,土豆豆皮双拼,哈富宽粉",8,8.2,8.2,小吃面食,0.0,【花田巷】哈富土豆片,16.137
http://www.dianping.com/shop/110881393,0.0,庄浪西路666号,8.2,天鹅湖,"芒果酸奶紫米露,红枣酸奶紫米露,蔓越莓酸奶",8,8.2,8.2,面包/饮品,0.0,一口酸牛奶,16.137
http://www.dianping.com/shop/98019072,0.0,龚家坪西路156号,8.2,龚家湾,"肥牛,西兰花,一板牛",8,8.2,8.2,火锅,0.0,顶牛富硒牛肉鲜切火锅,16.137
http://www.dianping.com/shop/110516900,0.0,环湖西路瑞岭翠苑南门东30米,8.2,永登县其他,"豆角,扇贝王,素鸡",8,8.2,8.2,烧烤,0.0,一路烧烤,16.137
http://www.dianping.com/shop/62927207,15.0,安宁东路与和平路交口,8.2,西北师大,"驴肉火烧,驴肉汤,驴杂汤",8,8.2,8.1,小吃面食,759.0,郑记驴肉火烧店,16.118
http://www.dianping.com/shop/18062024,18.0,西津东路建工大厦一层F12,8.2,倚能,"草莓圣雪,蛋糕夹心,巧力星球",8,8.1,8.2,面包/饮品,816.0,AILI爱的礼物(七里河店),16.116
http://www.dianping.com/shop/2036575,89.0,农民巷中段,8.2,农民巷,"手抓羊肉,精品羊肉,清炒百合",8,8.1,8.1,其他美食,1318.0,清真·华宇美食(农民巷店),15.939
http://www.dianping.com/shop/20789099,7.0,木塔巷亚欧商厦旁,8.2,南滨河路,"高担酿皮,擀面皮牛筋面黑米皮混搭,水煮洋芋片",8,8.2,8.0,小吃面食,815.0,白记老店,15.665
http://www.dianping.com/shop/68060828,40.0,火星街兰石小学向西200米,8.2,七里河区,"回锅肉,地达菜炒土鸡蛋,干锅有机菜花",8,8.1,8.2,粤菜,75.0,蘭竹石人文茶楼,15.659
http://www.dianping.com/shop/15913775,71.0,闵家桥203号,8.2,五泉山,"鲜切羊肉,涮肉,木炭铜锅",8,8.1,8.0,火锅,530.0,兰风别苑·清真餐厅,14.964
http://www.dianping.com/shop/1983793,20.0,安宁西路费家营十字华联超市1楼,8.2,费家营十字,"手撕包,水果蛋糕,生日蛋糕",8,7.7,8.0,面包/饮品,3078.0,好利来(费家营店),14.441
http://www.dianping.com/shop/19164863,54.0,南昌路华联购物中心4楼F4-05/06,8.1,平凉路,"玉米芝士,经典石锅拌饭,优选五花肉",8,8.2,8.2,韩国料理,6312.0,土大力烤肉名家(兰州华联购物中心店),12.415
http://www.dianping.com/shop/67046656,34.0,南昌路982号北京华联购物中心一楼F1-06,8.1,平凉路,"月半蕉,高纤奶酪,面包",8,8.2,8.6,面包/饮品,778.0,原麦生活wheat life,10.948
http://www.dianping.com/shop/65480837,70.0,敦煌路349号万辉国际广场2号楼2层C区,8.1,万辉国际广场,"水果沙拉,鸡翅拼盘,肉肠革命披萨",8,8.2,8.6,西餐,561.0,26 Inch Station(万辉店),10.814
http://www.dianping.com/shop/91600556,93.0,庄浪西路虹盛百货4楼,8.1,西固区,"清汤麻辣鸳鸯锅,羊春白雪,牛肉",8,8.3,8.4,火锅,914.0,小肥羊火锅餐厅(西固虹盛店),10.581
http://www.dianping.com/shop/66255261,11.0,甘家巷正宁路夜市东侧巷子内五谷丰登隔壁,8.1,南关十字,"牛肉,鸡蛋,小菜",8,8.2,8.2,快餐简餐,1762.0,老印象传统牛肉面(正宁路店),9.605
http://www.dianping.com/shop/104876561,0.0,万新北路邮政储蓄银行北侧40米,8.1,费家营十字,"疯狂虾尾,土豆丝,精品小龙虾",8,8.3,8.3,其他美食,0.0,不见不散海鲜餐吧,9.529
http://www.dianping.com/shop/48096811,79.0,农民巷东头,8.1,农民巷,"空运巴奴黑毛肚,麻辣牛肉,定西宽粉",8,8.2,8.2,火锅,1428.0,流年往返川式火锅料理,9.399
http://www.dianping.com/shop/5580478,17.0,吴家园西街,8.2,兰州西站,"牛肉,腱子肉,小菜",8,7.5,7.5,快餐简餐,87.0,磨沟沿牛肉面(吴家园店),9.107
http://www.dianping.com/shop/22079916,62.0,敦煌路218号,8.1,兰州西站,"精品羊肉卷,麻酱香辣碗,木炭火锅",8,8.2,8.1,火锅,1695.0,清真·金月斋(火星街店),9.076
http://www.dianping.com/shop/97415224,20.0,永昌中路187号底层商铺一楼,8.1,武都路,"草莓芝士,芝士木瓜,宇治抹茶鲜奶茶",8,8.2,8.2,面包/饮品,595.0,引茶·原创鲜萃水果茶,8.885
http://www.dianping.com/shop/58242557,12.0,临夏路街道临夏路51号,8.1,七里河区,"美味加州寿司,香甜玉米寿司,火腿寿司",8,8.1,8.0,日本料理,3024.0,米香寿司(临夏路店),8.885
http://www.dianping.com/shop/18213714,19.0,银安路科教城582号商铺,8.1,安宁西路,"迷你水果小蛋糕,蓝莓风暴,草莓慕斯蛋糕",8,8.1,8.1,面包/饮品,2062.0,安旗西饼(宝石花路店),8.779
http://www.dianping.com/shop/18011947,51.0,城关区农民巷53号,8.1,农民巷,"精品牛五花肉,金针菇,海带",8,8.1,8.0,韩国料理,2440.0,木槿屋韩式烤肉料理,8.524
http://www.dianping.com/shop/69486718,68.0,敦煌349号万辉国际广场2号楼1层17号商铺,8.1,万辉国际广场,"拉面,鳗鱼饭,牛柳炒乌冬面",8,8.1,8.2,日本料理,645.0,隐町料理,8.391
http://www.dianping.com/shop/67519213,98.0,武都路西口建设银行对面,8.1,城关区,"秘制牛肉,鲜鸭血,蟹肉棒",8,8.1,8.2,火锅,625.0,小喆火锅,8.379
http://www.dianping.com/shop/2190229,15.0,通渭路小学胡同,8.2,通渭路,"洋芋片,豆皮,炸糖年糕",8,7.2,7.2,小吃面食,3655.0,马三洋芋片,8.274
http://www.dianping.com/shop/21288675,40.0,阳光商业街新兴阳光小吃城隔壁,8.1,兰州西站,"鲜虾滑,脆皮肠,内蒙古羔羊肉卷",8,8.2,8.1,火锅,354.0,3G豆捞澳门时尚火锅(西站店),8.248
http://www.dianping.com/shop/95337948,77.0,东岗东路瑞德摩尔加勒比海9-202号,8.1,王府井,"黄辣丁,现磨豆浆,长江江团",8,8.2,8.1,火锅,240.0,友佳渔府,8.178
http://www.dianping.com/shop/2999716,11.0,金昌南路110号五泉商厦1楼,8.2,五泉山,"牛肉面,茶叶蛋,凉面",8,7.4,7.4,快餐简餐,166.0,占国牛肉拉面,8.144
http://www.dianping.com/shop/19126013,27.0,正宁路夜市东口对面玉堂大药房旁向内10米,8.1,双城门,"风干肠,五花肉辣白菜火锅,雪花嫩牛肉",8,8.1,8.0,韩国料理,1717.0,韩釜宫韩式料理(甘家巷店),8.078
http://www.dianping.com/shop/17626759,13.0,张掖路街道大众巷114号,8.1,张掖路,"高担酿皮,甜醅,土豆馅饼（土豆泥o）",8,8.1,8.1,小吃面食,861.0,大众高担酿皮,8.037
http://www.dianping.com/shop/97172041,0.0,张掖路东丽大厦一层东侧第三间商铺,8.1,张掖路,"老兰州软儿梨,阿萨姆红豆奶茶,甜胚子绿茶",8,8.2,8.1,面包/饮品,0.0,醒沐咖啡,8.03
http://www.dianping.com/shop/15960749,0.0,张掖路与大众巷交口东丽大厦B座1201室,8.1,大众巷,"美忆翻糖蛋糕,缤纷夏日,美忆的汤姆猫系列蛋糕",8,8.2,8.1,面包/饮品,0.0,美忆翻糖私人定制蛋糕,8.03
http://www.dianping.com/shop/25031336,33.0,金牛街蓝天公寓过街天桥往北30米,8.1,金牛街,"抹茶酥,拿破仑蛋糕,蛋黄酥",8,8.1,8.1,面包/饮品,796.0,北京稻香村(安宁店),7.997
http://www.dianping.com/shop/2001616,22.0,北滨河西路2168号,8.2,兰州西站,"酱牛肉,牛肉面,拉面",8,7.2,7.5,快餐简餐,779.0,吾穆勒蓬灰牛肉面,7.961
http://www.dianping.com/shop/20854161,20.0,天水北路滩尖子万达广场一层,8.1,万达广场,"熔岩蛋糕,芝士蛋糕,榴芒来了",8,8.1,8.1,面包/饮品,679.0,AILI爱的礼物(万达店),7.925
http://www.dianping.com/shop/91062257,21.0,甘南路302号,8.1,甘南路,"招牌过桥米线,番茄过桥米线,原味云南过桥米线",8,8.1,8.1,快餐简餐,615.0,张一碗云南过桥米线,7.885
http://www.dianping.com/shop/13798102,78.0,公园路3号区政府右侧兰州西苑宾馆院内,8.1,天鹅湖,"土豆泥炖鲍鱼仔,东坡全肘,干锅土豆片",8,8.1,8.1,川菜,562.0,新西苑大酒店(餐饮部),7.852
http://www.dianping.com/shop/83522055,40.0,万新南路221号,8.1,安宁区,"牛肉,精品手抓肋条,热锅子面",8,8.1,8.1,快餐简餐,536.0,随心阁(安宁直营店),7.836
http://www.dianping.com/shop/4284519,45.0,甘南路694号,8.1,南关十字,"热带鲜果沙律,豉汁排骨煲仔,酸辣鱿鱼",8,8.1,8.1,咖啡厅,477.0,邦客咖啡·西餐,7.8
http://www.dianping.com/shop/18063008,18.0,世纪广场外廊08号,8.1,南关十字,"熔岩蛋糕,花生曲奇酥饼,桃香思忆",8,8.1,8.1,面包/饮品,446.0,AILI爱的礼物(南关店),7.781
http://www.dianping.com/shop/18063367,18.0,燕北路鸿运润园小区外围,8.1,天庆嘉园,"推推乐,榴芒来了,草莓长条",8,8.1,8.1,面包/饮品,412.0,AILI爱的礼物(鸿运润园店),7.76
http://www.dianping.com/shop/16980983,37.0,庆阳路428号阳光酒店一楼,8.1,南关十字,"卡布奇诺,柠檬红茶,酸奶",8,8.1,8.1,咖啡厅,413.0,倘若概念咖啡,7.76
http://www.dianping.com/shop/20908346,27.0,平凉路华联商厦3楼32号,8.1,平凉路,"凹蛋糕,起司蛋糕,爱亦曼酸奶",8,8.1,8.0,面包/饮品,1013.0,瑞可爷爷的店(广场华联店),7.643
http://www.dianping.com/shop/110402222,16.0,静宁路嘉业大厦1楼3-1商铺,8.1,静宁路,"青蛙撞奶,一夫四季春,草莓星之恋",8,8.1,8.1,面包/饮品,126.0,ifcha一夫茶,7.583
http://www.dianping.com/shop/107761417,0.0,和平路58号金牛街白乐天背后,8.1,金牛街,"红豆综合冰,水果冰淇淋松饼,芋头芋圆冰",8,8.1,8.1,快餐简餐,0.0,思慕冰,7.505
http://www.dianping.com/shop/97941700,0.0,安宁东路十里店幸福巷保安堡社区对面,8.1,十里店,"特色锅底,串串,大饼",8,8.1,8.1,火锅,0.0,签霸王串串香(幸福巷店),7.505
http://www.dianping.com/shop/108315576,0.0,东岗东路2704号万商国际大厦6层电梯旁,8.1,东岗东路,"草莓味水果捞,水果千层杯,布雷",8,8.1,8.1,小吃面食,0.0,小二家故事,7.505
http://www.dianping.com/shop/97692021,0.0,百合苑1楼,8.1,玉门街,"精品羊肉卷,鲜鸭肠,至尊肥牛",8,8.1,8.1,火锅,0.0,淳•火锅,7.505
http://www.dianping.com/shop/108342259,0.0,雁南路1967号,8.1,大润发,"荤素串串,鸳鸯锅,料碗",8,8.1,8.1,火锅,0.0,筷妹子小郡肝串串香,7.505
http://www.dianping.com/shop/110107322,0.0,张掖路街道西城巷86号,8.1,城关区,"纠结千层肚,缠绵火锅粉,杠上脑花",8,8.1,8.1,火锅,0.0,宽板凳手提串串,7.505
http://www.dianping.com/shop/102921442,0.0,东岗东路2704号6楼华影飞天影城1号厅旁,8.1,东岗东路,"辣子肉夹馍,梅子汁,酸辣粉",8,8.1,8.1,快餐简餐,0.0,红唇诱惑麻辣烫店,7.505
http://www.dianping.com/shop/92777660,0.0,定西南路336-338,8.1,火车站,"牛肉,精美小菜,鸡蛋",8,8.1,8.1,快餐简餐,0.0,赵原牛肉面,7.505
http://www.dianping.com/shop/98520149,0.0,十里店里程巷1号,8.1,十里店,"鲜毛肚,麻辣牛肉,青椒变蛋",8,8.1,8.1,火锅,0.0,乡佬坎私房火锅,7.505
http://www.dianping.com/shop/100355566,0.0,庆阳路曹家厅20号,8.1,南关十字,"荤素串串,酱牛肉,竹签",8,8.1,8.1,火锅,0.0,东方狮子楼火锅串串,7.505
http://www.dianping.com/shop/17787138,17.0,张掖路东丽大厦一楼一号,8.1,张掖路,"酸奶,潼关肉夹馍纯瘦,潼关肉夹馍肥瘦",8,8.1,8.0,快餐简餐,489.0,开菲尔有啥吃啥(隍庙店),7.32
http://www.dianping.com/shop/79435622,10.0,瑞德大道瑞德摩尔地中海商场东门1117号,8.1,城关区,"抹茶泡芙,巧克力泡芙,奥利奥",8,8.1,8.0,面包/饮品,423.0,安妮斯贝闪电泡芙(王府井店),7.279
http://www.dianping.com/shop/74599108,17.0,康桥国际四楼,8.1,西北师大,"小笼粉蒸排骨,老麻抄手,成都老街酸辣粉",8,8.1,8.0,快餐简餐,273.0,蜀味记成都名小吃,7.186
http://www.dianping.com/shop/98646875,12.0,张掖路步行街东丽大厦负一层206号,8.1,张掖路,"妈妈的家常汤面片,浆水面条,虎皮辣椒",8,8.0,8.1,快餐简餐,228.0,金城好妈妈面片(张掖路店),7.122
http://www.dianping.com/shop/103652260,0.0,安宁西路83-85号,8.1,西北师大,"芋圆椰汁仙草,芋圆红豆仙草,秘制酸辣土豆",8,8.0,8.1,快餐简餐,0.0,快乐咔咔,6.981
http://www.dianping.com/shop/102142607,0.0,敦煌路万辉国际广场小吃城一楼,8.1,兰州西站,"柠檬蜂蜜,拿铁咖啡,美式咖啡",8,8.0,8.1,面包/饮品,0.0,本恩末一杯好奶茶,6.981
http://www.dianping.com/shop/4510932,57.0,7里7里敦煌路328号,8.1,兰州西站,"熔岩蛋糕,推推乐,杂粮吐司",8,8.0,8.0,面包/饮品,580.0,AILI爱的礼物(敦煌路店),6.852
http://www.dianping.com/shop/24982315,18.0,酒泉路与甘南路交叉口中国石油大厦,8.1,酒泉路,"洋芋片,豆皮,年糕",8,8.0,8.0,小吃面食,578.0,马三洋芋片(酒泉路店),6.85
http://www.dianping.com/shop/92672796,15.0,正宁路117号正宁路小学旁边,8.1,城关区,"皇冠沙茶鱿鱼,胡萝卜素,沙茶饭",8,8.0,8.0,小吃面食,209.0,【花田巷】皇冠沙茶鱿鱼,6.622
http://www.dianping.com/shop/67825174,15.0,新武都路74号,8.1,武都路,"辣子牛肉面,泡菜,二细牛肉面",8,7.6,8.1,快餐简餐,102.0,马安军辣子牛肉面,4.947
http://www.dianping.com/shop/5379732,57.0,金昌南路116号,8.1,五泉山,"五花肉,烤韩式风干肠,土豆泥",8,7.8,7.8,韩国料理,196.0,盛爱家烤肉店(五泉总店),4.591
http://www.dianping.com/shop/8869479,15.0,西津东路磨沟沿46号,8.1,小西湖,"牛肉,小菜卤蛋,拉面",8,7.5,7.5,快餐简餐,199.0,磨沟沿老字号牛肉面,1.557
http://www.dianping.com/shop/2999716,11.0,金昌南路110号五泉商厦1楼,8.1,五泉山,"牛肉面,茶叶蛋,凉面",8,7.3,7.4,快餐简餐,166.0,占国牛肉拉面,0.0
